Name,Balance,PIN,Account Number
John Doe,70.0,012108,112233
Jane Doe,50.0,932012,112244
Caesar Cruz,501.0,258191,505045
Jason Austin,285.0,560175,392502
Caesar Sharpe,444.0,256643,997205
Honorato Buchanan,809.0,669618,282091
Hayden Thompson,503.0,523968,922868
Buckminster Gonzales,199.0,807099,962712
Kasimir Becker,999.0,812477,458952
Merritt Hurley,913.0,173771,694365
Lester Benjamin,665.0,658143,135731
Omar Salas,827.0,399429,639527
Byron Navarro,306.0,198969,313099
Vance Flowers,283.0,746040,926073
Axel Glover,513.0,998772,612046
Yasir Garrison,11.0,710665,672548
Jerome Terrell,783.0,214945,935241
Mohammad Hardy,519.0,798901,655998
Hunter Owen,260.0,361623,696586
Herman Watson,907.0,901890,600311
Coby Parker,291.0,230747,232313
Maxwell Brewer,118.0,547845,459857
Adrian Mack,391.0,560742,827728
Armando Monroe,432.0,610389,919216
Cain Mccoy,503.0,408938,827362
Dante Craig,624.0,254681,451422
Cooper Gould,256.0,450573,603037
Brandon Pate,788.0,184079,883949
Owen Velasquez,319.0,744962,638554
